code,system
H06..,ctv3
H061.,ctv3
H061z,ctv3
H06z.,ctv3
H06..,ctv3
H061.,ctv3
H061z,ctv3
H06z.,ctv3
H061200,readv2
H061300,readv2
H061500,readv2
H061600,readv2
H061700,readv2
H061z00,readv2
H06z.00,readv2
H312300,readv2
H464100,readv2
H58y500,readv2
Hyu1100,readv2
SP08B00,readv2
H061200,readv2
H061500,readv2
H061600,readv2
H061700,readv2
H061z00,readv2
H06z.00,readv2
H312300,readv2
Hyu1100,readv2
H0610,ctv3
H0610,ctv3
H0611,ctv3
H0611,ctv3
H0612,ctv3
H0612,ctv3
H0613,ctv3
H0613,ctv3
H0615,ctv3
XaYYt,ctv3
H0615,ctv3
XaYYt,ctv3
H0616,ctv3
Hyu11,ctv3
H0616,ctv3
Hyu11,ctv3
X100C,ctv3
X100C,ctv3
X100D,ctv3
X100D,ctv3
X101l,ctv3
X101l,ctv3
X102z,ctv3
X102z,ctv3
H564.00,readv2
H564.00,readv2